DateReported,Time,Location,Geocode
4/25/2023,10:31,601 La Rue Rd,"{'lat': 38.534292, 'lng': -121.7579333}"
4/25/2023,13:19,200 California Ave,"{'lat': 38.5415708, 'lng': -121.7519507}"
4/25/2023,15:28,1600 Solano Park Cir,"{'lat': 38.5389034, 'lng': -121.7429222}"
4/25/2023,16:47,200 E Quad,"{'lat': 38.5423436, 'lng': -121.7480661}"
4/25/2023,7:14,2315 Stockton Blvd,"{'lat': 38.5449065, 'lng': -121.7405167}"
4/25/2023,Unkn,550 W Ranch View Dr,"{'lat': 38.8379087, 'lng': -121.2985505}"
4/25/2023,13:14,5335 Price Ave,"{'lat': 36.778261, 'lng': -119.4179324}"
4/25/2023,20:17,2315 Stockton Blvd,"{'lat': 38.5449065, 'lng': -121.7405167}"
4/29/2023,1:50,298 Citron,"{'lat': 38.542993, 'lng': -121.776019}"
4/29/2023,18:04,3000 Levee Rd,"{'lat': 38.5237013, 'lng': -121.7849056}"
4/29/2023,1:27,2315 Stockton Blvd,"{'lat': 38.5449065, 'lng': -121.7405167}"
4/29/2023,1:29,4251 X St,"{'lat': 36.778261, 'lng': -119.4179324}"
4/29/2023,7:49,2315 Stockton Blvd,"{'lat': 38.5449065, 'lng': -121.7405167}"
4/16/2023,10:49,1029 La Rue Rd,"{'lat': 38.544561, 'lng': -121.7588021}"
4/16/2023,15:34,2315 Stockton Blvd,"{'lat': 38.5449065, 'lng': -121.7405167}"
4/16/2023,18:57,2315 Stockton Blvd,"{'lat': 38.5449065, 'lng': -121.7405167}"
4/16/2023,22:04,2315 Stockton Blvd,"{'lat': 38.5449065, 'lng': -121.7405167}"
4/30/2023,9:44,146 Orchard Park Dr,"{'lat': 38.5408806, 'lng': -121.7634311}"
4/30/2023,13:36,Levee Rd/Old Davis Rd,"{'lat': 38.518241, 'lng': -121.7570184}"
4/30/2023,19:03,852 La Rue Rd,"{'lat': 38.5342935, 'lng': -121.7580376}"
4/30/2023,12:33,4150 V St,"{'lat': 36.778261, 'lng': -119.4179324}"
4/30/2023,13:19,2315 Stockton Blvd,"{'lat': 38.5449065, 'lng': -121.7405167}"
4/20/2023,13:11,400 Howard Way,"{'lat': 38.543907, 'lng': -121.7501631}"
4/20/2023,13:21,100 West Quad Bikeway,"{'lat': 38.5415155, 'lng': -121.75043}"
4/20/2023,21:42,XXX Kleiber Hall Dr,"{'lat': 38.540997, 'lng': -121.7554427}"
4/20/2023,13:00,4860 Y St,"{'lat': 38.5449065, 'lng': -121.7405167}"
4/20/2023,13:33,2315 Stockton Blvd,"{'lat': 38.5449065, 'lng': -121.7405167}"
4/28/2023,0:01,1st St/C St,"{'lat': 38.541593, 'lng': -121.7426152}"
4/28/2023,0:14,2795 2nd St,"{'lat': 36.778261, 'lng': -119.4179324}"
4/28/2023,13:26,CASE NUMBER PULLED IN ERROR,"{'lat': 38.5449065, 'lng': -121.7405167}"
4/28/2023,14:15,Kleiber Hall Dr/Hutchison Dr,"{'lat': 38.5391945, 'lng': -121.7573502}"
4/28/2023,16:10,100 Sage St,"{'lat': 38.5397, 'lng': -121.771289}"
4/28/2023,20:31,1538 Jade St,"{'lat': 38.5402447, 'lng': -121.7697111}"
4/28/2023,22:36,Hutchison Dr/Dairy Rd,"{'lat': 38.5392059, 'lng': -121.7587998}"
4/28/2023,1:45,2315 Stockton Blvd,"{'lat': 38.5449065, 'lng': -121.7405167}"
3/22/2023,11:09,630 Orchard Rd,"{'lat': 38.5437531, 'lng': -121.7596659}"
3/22/2023,15:11,XXXX Orchard Park Dr,"{'lat': 38.5430721, 'lng': -121.7640843}"
3/22/2023,18:46,XXX Tilia St,"{'lat': 38.5419852, 'lng': -121.7730771}"
3/22/2023,21:10,520 Beckett Hall Cir,"{'lat': 38.5449936, 'lng': -121.756332}"
3/22/2023,7:46,4687 X St,"{'lat': 36.778261, 'lng': -119.4179324}"
3/22/2023,11:06,CASE NUMBER PULLED IN ERROR,"{'lat': 38.5449065, 'lng': -121.7405167}"
3/22/2023,12:55,4200 V St,"{'lat': 38.5470274, 'lng': -121.739834}"
3/22/2023,20:34,4860 Y St,"{'lat': 38.5449065, 'lng': -121.7405167}"
3/22/2023,20:50,2315 Stockton Blvd,"{'lat': 38.5449065, 'lng': -121.7405167}"
3/22/2023,22:32,2315 Stockton Blvd,"{'lat': 38.5449065, 'lng': -121.7405167}"
5/15/2023,3:11,598 Tercero Hall Cir,"{'lat': 38.5374433, 'lng': -121.7567443}"
5/15/2023,8:30,505 Hutchison Dr,"{'lat': 38.5394683, 'lng': -121.7547299}"
5/15/2023,12:44,192 Orchard Park Dr,"{'lat': 38.5415198, 'lng': -121.7640031}"
5/15/2023,13:52,413 Atrium Way,"{'lat': 38.5455999, 'lng': -121.7621189}"
5/15/2023,16:07,399 Crocker Ln,"{'lat': 38.53597329999999, 'lng': -121.7523675}"
5/15/2023,16:35,100 West Quad Bikeway,"{'lat': 38.5415155, 'lng': -121.75043}"
5/15/2023,10:16,2315 Stockton Blvd,"{'lat': 38.5449065, 'lng': -121.7405167}"
5/5/2023,0:39,625 Kleiber Hall Dr,"{'lat': 38.5405893, 'lng': -121.7576917}"
5/5/2023,8:32,541 Oxford Cir,"{'lat': 38.5468298, 'lng': -121.7630578}"
5/5/2023,12:01,298 Citron St,"{'lat': 38.542993, 'lng': -121.776019}"
5/5/2023,13:33,200 Orchard Park Dr,"{'lat': 38.5415198, 'lng': -121.7640031}"
5/5/2023,19:08,CASE NUMBER PULLED IN ERROR,"{'lat': 38.5449065, 'lng': -121.7405167}"
5/5/2023,23:25,I-80/Old Davis Rd,"{'lat': 38.5491948, 'lng': -121.7116785}"
5/5/2023,4:24,2249 48th St,"{'lat': 33.0933809, 'lng': -116.6081653}"
5/5/2023,18:19,2315 Stockton Blvd,"{'lat': 38.5449065, 'lng': -121.7405167}"
5/5/2023,19:08,2315 Stockton Blvd,"{'lat': 38.5449065, 'lng': -121.7405167}"
5/5/2023,21:06,2nd Ave/Stockton Blvd,"{'lat': 37.9391809, 'lng': -121.2707547}"
4/21/2023,0:00,681 Putah Creek Lodge Dr,"{'lat': 38.5336283, 'lng': -121.7566381}"
4/21/2023,0:00,CASE NUMBER PULLED IN ERROR,"{'lat': 38.5449065, 'lng': -121.7405167}"
4/21/2023,8:12,255 Celadon St,"{'lat': 38.5416692, 'lng': -121.7737268}"
4/21/2023,10:17,1029 La Rue Rd,"{'lat': 38.544561, 'lng': -121.7588021}"
4/21/2023,10:19,1580 Jade St,"{'lat': 38.5408211, 'lng': -121.7711453}"
4/21/2023,10:21,584 Tercero Hall Cir,"{'lat': 38.5372165, 'lng': -121.7563669}"
4/21/2023,13:57,545 Bainer Hall Dr,"{'lat': 38.5371171, 'lng': -121.755005}"
4/21/2023,17:39,Hutchison Dr/Sage St,"{'lat': 38.5406296, 'lng': -121.7715964}"
4/21/2023,23:51,250 W Quad,"{'lat': 38.542154, 'lng': -121.749869}"
4/21/2023,10:10,2875 50th St,"{'lat': 36.778261, 'lng': -119.4179324}"
4/21/2023,10:57,34th St/R St,"{'lat': 36.778261, 'lng': -119.4179324}"
4/21/2023,11:06,2315 Stockton Blvd,"{'lat': 38.5449065, 'lng': -121.7405167}"
3/23/2023,8:00,625 Kleiber Hall Dr,"{'lat': 38.5405893, 'lng': -121.7576917}"
3/23/2023,9:40,1445 Med Sci Dr,"{'lat': 38.5337985, 'lng': -121.7655446}"
3/23/2023,12:20,Orchard Rd/Orchard Park Cir,"{'lat': 38.5437308, 'lng': -121.7594545}"
3/23/2023,18:53,565 Oxford Cir,"{'lat': 38.5476349, 'lng': -121.7636257}"
3/23/2023,20:52,620 Tercero Hall Dr,"{'lat': 38.5373025, 'lng': -121.757298}"
3/23/2023,12:28,2315 Stockton Blvd,"{'lat': 38.5449065, 'lng': -121.7405167}"
3/23/2023,14:15,4860 Y St,"{'lat': 38.5449065, 'lng': -121.7405167}"
3/23/2023,14:22,2521 Stockton Blvd,"{'lat': 37.9577016, 'lng': -121.2907796}"
5/4/2023,14:45,760 Orchard Rd,"{'lat': 38.5428004, 'lng': -121.7590941}"
5/4/2023,20:57,250 Celadon St,"{'lat': 38.5416674, 'lng': -121.773304}"
5/4/2023,8:15,2315 Stockton Blvd,"{'lat': 38.5449065, 'lng': -121.7405167}"
5/4/2023,18:07,2315 Stockton Blvd,"{'lat': 38.5449065, 'lng': -121.7405167}"
5/14/2023,15:36,650 La Rue Rd,"{'lat': 38.5338821, 'lng': -121.7580265}"
5/14/2023,21:12,XXX W Quad,"{'lat': 38.5415594, 'lng': -121.7504427}"
4/17/2023,11:30,635 Kleiber Hall Dr,"{'lat': 38.5403963, 'lng': -121.7570713}"
4/17/2023,12:55,298 Celadon St,"{'lat': 38.542559, 'lng': -121.7728529}"
4/17/2023,12:55,350 Mrak Hall Dr,"{'lat': 38.5370892, 'lng': -121.7491837}"
4/17/2023,13:32,N Quad/W Quad,"{'lat': 38.5428727, 'lng': -121.7508215}"
4/17/2023,16:15,250 E Quad,"{'lat': 38.5428257, 'lng': -121.7488508}"
4/17/2023,17:45,462 Crocker Ln,"{'lat': 38.5349575, 'lng': -121.7516735}"
4/17/2023,23:34,1538 Jade St,"{'lat': 38.5402447, 'lng': -121.7697111}"
4/17/2023,15:41,2315 Stockton Blvd,"{'lat': 38.5449065, 'lng': -121.7405167}"
4/17/2023,16:50,4251 X St,"{'lat': 36.778261, 'lng': -119.4179324}"
4/23/2023,0:26,118 Hutchison Dr,"{'lat': 38.5398121, 'lng': -121.7467907}"
4/23/2023,0:51,275 Bioletti Way,"{'lat': 38.5389288, 'lng': -121.7561952}"
4/23/2023,20:17,2425 Stockton Blvd,"{'lat': 38.5449065, 'lng': -121.7405167}"
5/16/2023,9,1440 Wake Forest Dr,"{'lat': 38.5485193, 'lng': -121.7669612}"
5/16/2023,11,175 E Quad,"{'lat': 38.5411231, 'lng': -121.7483533}"
5/16/2023,12,420 Hutchison Dr,"{'lat': 38.5387083, 'lng': -121.7531919}"
5/16/2023,10,1819 Tilia St,"{'lat': 38.5419684, 'lng': -121.772263}"
5/16/2023,14,750 Orchard Rd,"{'lat': 38.5418238, 'lng': -121.7596385}"
5/16/2023,20,200 E Arboretum Dr,"{'lat': 38.536479, 'lng': -121.7470306}"
5/16/2023,6,48th St/2nd Ave,"{'lat': 36.778261, 'lng': -119.4179324}"
5/16/2023,13,2315 Stockton Blvd,"{'lat': 38.5449065, 'lng': -121.7405167}"
5/6/2023,1:39,Russell Blvd/Howard Way,"{'lat': 38.5461851, 'lng': -121.7507976}"
5/6/2023,17:21,550 Oxford Cir,"{'lat': 38.5472523, 'lng': -121.7631583}"
5/6/2023,23:37,CR 99/CR 29,"{'lat': 38.5904551, 'lng': -121.7929617}"
3/21/2023,1:37,550 Oxford Cir,"{'lat': 38.5472523, 'lng': -121.7631583}"
3/21/2023,3:41,301 Citron,"{'lat': 38.5426543, 'lng': -121.7764783}"
3/21/2023,11:52,250 West Quad,"{'lat': 38.542154, 'lng': -121.749869}"
3/21/2023,12:22,418 Orchard Park Dr,"{'lat': 38.5444506, 'lng': -121.7637453}"
3/21/2023,12:26,Orchard Park Cir/Orchard Rd,"{'lat': 38.5437308, 'lng': -121.7594545}"
3/21/2023,15:22,1440 Wake Forest Dr,"{'lat': 38.5485193, 'lng': -121.7669612}"
3/21/2023,18:54,1590 Tilia St,"{'lat': 38.5416707, 'lng': -121.7708041}"
3/21/2023,22:22,400 Howard Way,"{'lat': 38.543907, 'lng': -121.7501631}"
3/21/2023,1:46,1651 Alhambra Blvd,"{'lat': 38.5580036, 'lng': -121.7021189}"
3/21/2023,17:04,2315 Stockton Blvd,"{'lat': 38.5449065, 'lng': -121.7405167}"
3/21/2023,17:41,2315 Stockton Blvd,"{'lat': 38.5449065, 'lng': -121.7405167}"
3/21/2023,18:53,4251 X St,"{'lat': 36.778261, 'lng': -119.4179324}"
4/19/2023,0:32,XXX Sage St,"{'lat': 38.5406296, 'lng': -121.7715964}"
4/19/2023,13:03,400 Russell Park,"{'lat': 38.545061, 'lng': -121.7638551}"
4/19/2023,15:25,760 Orchard Rd,"{'lat': 38.5428004, 'lng': -121.7590941}"
4/19/2023,18:49,628 Hilgard Ln,"{'lat': 38.531595, 'lng': -121.7498311}"
4/19/2023,0:34,2315 Stockton Blvd,"{'lat': 38.5449065, 'lng': -121.7405167}"
4/19/2023,1:50,2315 Stockton Blvd,"{'lat': 38.5449065, 'lng': -121.7405167}"
4/19/2023,13:05,2315 Stockton Blvd,"{'lat': 38.5449065, 'lng': -121.7405167}"
4/19/2023,15:01,2315 Stockton Blvd,"{'lat': 38.5449065, 'lng': -121.7405167}"
4/19/2023,18:09,2315 Stockton Blvd,"{'lat': 38.5449065, 'lng': -121.7405167}"
4/19/2023,23:44,2315 Stockton Blvd,"{'lat': 38.5449065, 'lng': -121.7405167}"
3/17/2023,0:40,XXX Oxford Cir,"{'lat': 38.5475944, 'lng': -121.7644693}"
3/17/2023,7:01,1059 La Rue Rd,"{'lat': 38.5454315, 'lng': -121.7573642}"
3/17/2023,13:21,CASE NUMBER CREATED IN ERROR,"{'lat': 38.5449065, 'lng': -121.7405167}"
3/17/2023,13:27,300 Hutchison Dr,"{'lat': 38.53861819999999, 'lng': -121.7501294}"
3/17/2023,18:47,Tilia St/Sage St,"{'lat': 38.5419557, 'lng': -121.7715322}"
3/17/2023,20:08,550 Alumni Ln,"{'lat': 38.5345446, 'lng': -121.7473531}"
3/17/2023,0:24,2315 Stockton Blvd,"{'lat': 38.5449065, 'lng': -121.7405167}"
3/17/2023,9:37,2315 Stockton Blvd,"{'lat': 38.5449065, 'lng': -121.7405167}"
3/17/2023,18:17,2279 45th St,"{'lat': 36.778261, 'lng': -119.4179324}"
3/17/2023,22:21,2315 Stockton Blvd,"{'lat': 38.5449065, 'lng': -121.7405167}"
4/15/2023,0:22,2231 Jade St,"{'lat': 38.5413407, 'lng': -121.7770205}"
4/15/2023,3:22,1460 Wake Forest Dr,"{'lat': 38.5495743, 'lng': -121.7671519}"
4/15/2023,11:26,457 Hutchison Dr,"{'lat': 38.5390881, 'lng': -121.7538966}"
4/15/2023,12:20,141 Physical Sciences Mall,"{'lat': 38.5449065, 'lng': -121.7405167}"
4/15/2023,16:37,1029 La Rue Rd,"{'lat': 38.544561, 'lng': -121.7588021}"
4/15/2023,18:24,1019 La Rue Rd,"{'lat': 38.5444179, 'lng': -121.7574432}"
4/15/2023,21:28,255 Celadon St,"{'lat': 38.5416692, 'lng': -121.7737268}"
4/15/2023,23:53,XXX La Rue Rd,"{'lat': 38.541507, 'lng': -121.7606984}"
4/5/2023,8:49,250 W Quad,"{'lat': 38.542154, 'lng': -121.749869}"
4/5/2023,12:56,418 Health Sciences Dr,"{'lat': 38.5356624, 'lng': -121.7642374}"
4/5/2023,17:32,482 Hutchison Dr,"{'lat': 38.53969499999999, 'lng': -121.7534044}"
4/5/2023,19:18,473 Beckett Hall Cir,"{'lat': 38.5449997, 'lng': -121.7570253}"
4/5/2023,13:47,4800 2nd St,"{'lat': 36.778261, 'lng': -119.4179324}"
3/28/2023,10:21,611 Hilgard Ln,"{'lat': 38.53263889999999, 'lng': -121.7501244}"
3/28/2023,11:04,1000 Garrod Dr,"{'lat': 38.5305022, 'lng': -121.7621734}"
3/28/2023,11:07,2315 Stockton Blvd,"{'lat': 38.5449065, 'lng': -121.7405167}"
3/28/2023,15:50,2315 Stockton Blvd,"{'lat': 38.5449065, 'lng': -121.7405167}"
3/28/2023,18:26,2315 Stockton Blvd,"{'lat': 38.5449065, 'lng': -121.7405167}"
3/28/2023,19:14,2221 Stockton Blvd,"{'lat': 38.5449065, 'lng': -121.7405167}"
3/29/2023,15:32,1019 La Rue Rd,"{'lat': 38.5444179, 'lng': -121.7574432}"
3/29/2023,15:33,565 Oxford Cir,"{'lat': 38.5476349, 'lng': -121.7636257}"
3/29/2023,19:53,250 W Quad,"{'lat': 38.542154, 'lng': -121.749869}"
3/29/2023,12:21,2315 Stockton Blvd,"{'lat': 38.5449065, 'lng': -121.7405167}"
3/29/2023,12:49,4251 X St,"{'lat': 36.778261, 'lng': -119.4179324}"
4/4/2023,10:41,418 Health Sciences Dr,"{'lat': 38.5356624, 'lng': -121.7642374}"
4/4/2023,12:43,501 Russell Blvd,"{'lat': 38.5466049, 'lng': -121.7551104}"
4/4/2023,12:45,624 Hilgard Ln,"{'lat': 38.531595, 'lng': -121.7498311}"
4/4/2023,13:03,1180 Extension Center Dr,"{'lat': 38.5391747, 'lng': -121.7626894}"
4/4/2023,20:13,342 Arboretum Dr,"{'lat': 38.5341456, 'lng': -121.7498673}"
4/4/2023,7:09,2249 48th St,"{'lat': 33.0933809, 'lng': -116.6081653}"
4/4/2023,9:29,5335 Price Ave,"{'lat': 36.778261, 'lng': -119.4179324}"
4/4/2023,12:37,4800 2nd Ave,"{'lat': 36.778261, 'lng': -119.4179324}"
4/4/2023,21:12,Stockton Blvd/2nd Ave,"{'lat': 38.5449065, 'lng': -121.7405167}"
4/14/2023,2:41,1079 La Rue Rd,"{'lat': 38.5459106, 'lng': -121.7573402}"
4/14/2023,15:48,387 N Quad,"{'lat': 38.543524, 'lng': -121.7520657}"
4/14/2023,16:27,375 Bioletti Way,"{'lat': 38.5354342, 'lng': -121.756634}"
4/14/2023,16:28,565 Oxford Cir,"{'lat': 38.5476349, 'lng': -121.7636257}"
4/14/2023,12:59,2315 Stockton Blvd,"{'lat': 38.5449065, 'lng': -121.7405167}"
4/22/2023,11:20,1580 Jade St,"{'lat': 38.5408211, 'lng': -121.7711453}"
4/22/2023,17:26,100 West Quad Bikeway,"{'lat': 38.5415155, 'lng': -121.75043}"
4/22/2023,23:51,685 Kleiber Hall Dr,"{'lat': 38.5403963, 'lng': -121.7570713}"
4/22/2023,5:45,34th St/R St,"{'lat': 36.778261, 'lng': -119.4179324}"
4/22/2023,11:50,2315 Stockton Blvd,"{'lat': 38.5449065, 'lng': -121.7405167}"
5/7/2023,1:02,663 Sprocket Bikeway,"{'lat': 38.5439265, 'lng': -121.7581175}"
5/7/2023,4:15,336 Howard Way,"{'lat': 38.543907, 'lng': -121.7501631}"
5/7/2023,6:20,175 Dairy Rd,"{'lat': 38.53768, 'lng': -121.758851}"
5/7/2023,10:03,1063 La Rue Rd,"{'lat': 38.5463027, 'lng': -121.7588417}"
5/7/2023,11:47,151 Stadium Way,"{'lat': 36.778261, 'lng': -119.4179324}"
5/7/2023,18:27,187 Hutchison Dr,"{'lat': 38.539147, 'lng': -121.7473769}"
5/7/2023,3:44,2315 Stockton Blvd,"{'lat': 38.5449065, 'lng': -121.7405167}"
5/17/2023,11,550 Hutchison Dr,"{'lat': 38.538489, 'lng': -121.7556478}"
5/17/2023,10,XXX Dairy Rd,"{'lat': 38.5371397, 'lng': -121.7588572}"
5/17/2023,13,400 Howard Way,"{'lat': 38.543907, 'lng': -121.7501631}"
5/17/2023,14,222 Physical Sciences Mall,"{'lat': 38.5449065, 'lng': -121.7405167}"
5/17/2023,19,455 Crocker Ln,"{'lat': 38.5352675, 'lng': -121.7525855}"
5/17/2023,22,376 Dairy Rd,"{'lat': 38.5354532, 'lng': -121.7583164}"
5/17/2023,8,2315 Stockton Blvd,"{'lat': 38.5449065, 'lng': -121.7405167}"
5/17/2023,17,2335 Stockton Blvd,"{'lat': 38.5449065, 'lng': -121.7405167}"
3/20/2023,9:51,533 Oxford Cir,"{'lat': 38.5466471, 'lng': -121.7640221}"
3/20/2023,12:27,1743 Hutchison Dr,"{'lat': 38.5388879, 'lng': -121.7706151}"
3/20/2023,17:29,281 Dairy Rd,"{'lat': 38.5354547, 'lng': -121.7588874}"
3/20/2023,8:38,2315 Stockton Bvld,"{'lat': 38.5449065, 'lng': -121.7405167}"
3/20/2023,9:09,2315 Stockton Bvld,"{'lat': 38.5449065, 'lng': -121.7405167}"
3/20/2023,20:10,2315 Stockton Bvld,"{'lat': 38.5449065, 'lng': -121.7405167}"
3/20/2023,20:23,3160 Folsom Blvd,"{'lat': 38.6779591, 'lng': -121.1760583}"
3/20/2023,20:38,2315 Stockton Bvld,"{'lat': 38.5449065, 'lng': -121.7405167}"
3/20/2023,22:38,CASE NUMBER PULLED IN ERROR,"{'lat': 38.5449065, 'lng': -121.7405167}"
5/12/2023,1:25,1075 Extension Center Dr,"{'lat': 38.5391747, 'lng': -121.7626894}"
5/12/2023,7:48,647 Putah Creek Lodge Dr,"{'lat': 38.5336283, 'lng': -121.7566381}"
5/12/2023,10:41,4105 Primate Dr,"{'lat': 38.5408474, 'lng': -121.8078023}"
5/12/2023,10:47,1618 L St,"{'lat': 38.5603945, 'lng': -121.7348857}"
5/12/2023,15:03,2315 Stockton Blvd,"{'lat': 38.5449065, 'lng': -121.7405167}"
5/2/2023,8:54,222 Physical Sciences Mall,"{'lat': 38.5449065, 'lng': -121.7405167}"
5/2/2023,9:35,225 E Quad,"{'lat': 38.5428257, 'lng': -121.7488508}"
5/2/2023,10:13,Ls Rue Rd/Orchard Rd,"{'lat': 38.5437555, 'lng': -121.7603057}"
5/2/2023,13:19,375 California Ave,"{'lat': 38.5433041, 'lng': -121.7541888}"
5/2/2023,18:26,240 Hutchison Dr,"{'lat': 38.539482, 'lng': -121.7476325}"
5/2/2023,18:58,1739 Hutchison Dr,"{'lat': 38.5380704, 'lng': -121.7707002}"
5/2/2023,22:51,625 Kleiber Hall Dr,"{'lat': 38.5405893, 'lng': -121.7576917}"
5/2/2023,13:02,2315 Stockton Blvd,"{'lat': 38.5449065, 'lng': -121.7405167}"
3/25/2023,11:01,184 Horizon,"{'lat': 38.5405844, 'lng': -121.7786625}"
3/25/2023,13:20,255 Celadon St,"{'lat': 38.5416692, 'lng': -121.7737268}"
3/25/2023,18:42,2315 Stockton Blvd,"{'lat': 38.5449065, 'lng': -121.7405167}"
4/18/2023,10:54,375 Bioletti Way,"{'lat': 38.5354342, 'lng': -121.756634}"
4/18/2023,12:15,298 Horizon,"{'lat': 38.5426658, 'lng': -121.7784855}"
4/18/2023,14:08,488 La Rue Rd,"{'lat': 38.54618240000001, 'lng': -121.7586923}"
4/18/2023,15:49,352 Dairy Rd,"{'lat': 38.5354547, 'lng': -121.7588874}"
4/18/2023,18:05,681 Putah Creek Lodge Dr,"{'lat': 38.5336283, 'lng': -121.7566381}"
4/18/2023,23:42,1425 Garrod Dr,"{'lat': 38.5320675, 'lng': -121.7667504}"
4/18/2023,12:20,4251 X St,"{'lat': 36.778261, 'lng': -119.4179324}"
4/27/2023,10:22,1540 Jade St,"{'lat': 38.5406633, 'lng': -121.7703553}"
4/27/2023,11:54,200 Orchard Park Dr,"{'lat': 38.5415198, 'lng': -121.7640031}"
4/27/2023,14:51,2795 2nd St,"{'lat': 36.778261, 'lng': -119.4179324}"
4/27/2023,20:55,2950 Ariport Rd,"{'lat': 38.5335277, 'lng': -121.7896623}"
4/27/2023,9:27,4200 V St,"{'lat': 38.5470274, 'lng': -121.739834}"
4/27/2023,10:07,2315 Stockton Blvd,"{'lat': 38.5449065, 'lng': -121.7405167}"
4/27/2023,15:09,2315 Stockton Blvd,"{'lat': 38.5449065, 'lng': -121.7405167}"
4/27/2023,15:33,2315 Stockton Blvd,"{'lat': 38.5449065, 'lng': -121.7405167}"
4/11/2023,7:20,359 Sage St,"{'lat': 38.5434219, 'lng': -121.7711675}"
4/11/2023,9:55,222 Physical Sciences Mall,"{'lat': 38.5449065, 'lng': -121.7405167}"
4/11/2023,18:16,375 California Ave,"{'lat': 38.5433041, 'lng': -121.7541888}"
4/11/2023,2:08,2315 Stockton Blvd,"{'lat': 38.5449065, 'lng': -121.7405167}"
4/11/2023,15:58,2315 Stockton Blvd,"{'lat': 38.5449065, 'lng': -121.7405167}"
4/10/2023,3:21,Russell Blvd/A St,"{'lat': 38.5462749, 'lng': -121.7477551}"
4/10/2023,12:29,153 Hutchison Dr,"{'lat': 38.5398121, 'lng': -121.7467907}"
4/10/2023,15:00,400 Howard Way,"{'lat': 38.543907, 'lng': -121.7501631}"
4/10/2023,4:58,2315 Stockton Blvd,"{'lat': 38.5449065, 'lng': -121.7405167}"
4/10/2023,16:01,2315 Stockton Blvd,"{'lat': 38.5449065, 'lng': -121.7405167}"
4/10/2023,20:57,2315 Stockton Blvd,"{'lat': 38.5449065, 'lng': -121.7405167}"
3/24/2023,0:05,250 West Quad,"{'lat': 38.542154, 'lng': -121.749869}"
3/24/2023,12:27,298 Citron,"{'lat': 38.542993, 'lng': -121.776019}"
3/24/2023,12:49,425 Storer Mall,"{'lat': 38.5409308, 'lng': -121.7535403}"
3/24/2023,17:29,620 Tercero Hall Dr,"{'lat': 38.5373025, 'lng': -121.757298}"
3/24/2023,2:02,2315 Stockton Blvd,"{'lat': 38.5449065, 'lng': -121.7405167}"
5/3/2023,12:46,101 Peter J Shields Ave,"{'lat': 38.5413474, 'lng': -121.7470045}"
5/3/2023,13:09,625 Kleiber Hall Dr,"{'lat': 38.5405893, 'lng': -121.7576917}"
5/3/2023,12:11,187 Mint St,"{'lat': 38.5405707, 'lng': -121.7768311}"
5/3/2023,18:24,418 Health Sciences Dr,"{'lat': 38.5356624, 'lng': -121.7642374}"
5/3/2023,14:28,2245 Stockton Blvd,"{'lat': 38.5449065, 'lng': -121.7405167}"
5/3/2023,17:22,2315 Stockton Blvd,"{'lat': 38.5449065, 'lng': -121.7405167}"
5/13/2023,0:11,320 Parkway Cir,"{'lat': 38.5449705, 'lng': -121.7610679}"
5/13/2023,1:01,1075 Extension Center Dr,"{'lat': 38.5391747, 'lng': -121.7626894}"
5/13/2023,16:38,CASE NUMBER PULLED IN ERROR,"{'lat': 38.5449065, 'lng': -121.7405167}"
5/13/2023,18:18,760 Orchard Rd,"{'lat': 38.5428004, 'lng': -121.7590941}"
5/13/2023,9:28,2315 Stockton Blvd,"{'lat': 38.5449065, 'lng': -121.7405167}"
5/8/2023,11:22,1063 La Rue Rd,"{'lat': 38.5463027, 'lng': -121.7588417}"
5/8/2023,15:30,760 Orchard Rd,"{'lat': 38.5428004, 'lng': -121.7590941}"
5/8/2023,15:27,250 E Quad,"{'lat': 38.5428257, 'lng': -121.7488508}"
5/8/2023,17:19,1545 Jade St,"{'lat': 38.541215, 'lng': -121.770214}"
5/8/2023,6:38,2315 Stockton Blvd,"{'lat': 38.5449065, 'lng': -121.7405167}"
5/8/2023,13:52,2315 Stockton Blvd,"{'lat': 38.5449065, 'lng': -121.7405167}"
5/8/2023,14:57,4422 Y St,"{'lat': 38.5449065, 'lng': -121.7405167}"
5/18/2023,8,250 W Quad,"{'lat': 38.542154, 'lng': -121.749869}"
5/18/2023,11,575 Sprocket Bikeway,"{'lat': 38.5431066, 'lng': -121.7561284}"
5/18/2023,11,352 Dairy Rd,"{'lat': 38.5354547, 'lng': -121.7588874}"
5/18/2023,18,418 Health Sciences Dr,"{'lat': 38.5356624, 'lng': -121.7642374}"
5/18/2023,22,480 Sprocket Bikeway,"{'lat': 38.5420211, 'lng': -121.7545417}"
5/18/2023,23,Horizon/Jade,"{'lat': 38.5449065, 'lng': -121.7405167}"
5/18/2023,11,2315 Stockton Blvd,"{'lat': 38.5449065, 'lng': -121.7405167}"
5/18/2023,10,2315 Stockton Blvd,"{'lat': 38.5449065, 'lng': -121.7405167}"
04/12/2023,0:06,286 N Quad,"{'lat': 38.5429639, 'lng': -121.7503161}"
04/12/2023,9:03,Hilgard Ln,"{'lat': 38.532436, 'lng': -121.7500638}"
04/12/2023,11:48,210 Hutchison Drive,"{'lat': 38.5387336, 'lng': -121.747778}"
04/12/2023,15:07,880 Old Davis Road,"{'lat': 38.5263333, 'lng': -121.756634}"
04/12/2023,15:23,261 California Avenue,"{'lat': 38.5418946, 'lng': -121.752814}"
04/12/2023,15:53,250 E Quad,"{'lat': 38.5428257, 'lng': -121.7488508}"
04/12/2023,12,1545 Jade St,"{'lat': 38.541215, 'lng': -121.770214}"
04/12/2023,17,1200 Equestrian Lane,"{'lat': 38.5284844, 'lng': -121.7657842}"
04/12/2023,17,350 Howard Way,"{'lat': 38.5437736, 'lng': -121.7485361}"
04/12/2023,19,630 Orchard Road,"{'lat': 38.5437531, 'lng': -121.7596659}"
4/2/2023,15:43,541 Oxford Cir,"{'lat': 38.5468298, 'lng': -121.7630578}"
4/2/2023,18:49,Hutchison Dr/Sage St,"{'lat': 38.5406296, 'lng': -121.7715964}"
4/2/2023,22:38,685 Kleiber Hall Dr,"{'lat': 38.5403963, 'lng': -121.7570713}"
4/2/2023,16:10,2315 Stockton Blvd,"{'lat': 38.5449065, 'lng': -121.7405167}"
4/2/2023,18:48,CASE NUMBER PULLED IN ERROR,"{'lat': 38.5449065, 'lng': -121.7405167}"
4/26/2023,6:47,2542 Hutchison Dr,"{'lat': 38.5388724, 'lng': -121.7800903}"
4/26/2023,11:04,750 Sprocket Bikeway,"{'lat': 38.5436424, 'lng': -121.7572463}"
4/26/2023,15:15,1743 Hutchison Dr,"{'lat': 38.5388879, 'lng': -121.7706151}"
4/26/2023,16:15,760 Orchard Rd,"{'lat': 38.5428004, 'lng': -121.7590941}"
4/26/2023,3:32,2315 Stockton Blvd,"{'lat': 38.5449065, 'lng': -121.7405167}"
4/26/2023,10:44,2315 Stockton Blvd,"{'lat': 38.5449065, 'lng': -121.7405167}"
3/26/2023,10:46,1890 Tilia St,"{'lat': 38.5418018, 'lng': -121.7728589}"
3/26/2023,4:30,2315 Stockton Blvd,"{'lat': 38.5449065, 'lng': -121.7405167}"
5/11/2023,3:36,XXXX Hutchison Dr,"{'lat': 36.778261, 'lng': -119.4179324}"
5/11/2023,16:33,110 Sage St,"{'lat': 38.5403835, 'lng': -121.7710626}"
5/11/2023,11:18,CASE NUMBER PULLED IN ERROR,"{'lat': 38.5449065, 'lng': -121.7405167}"
5/11/2023,11:08,2315 Stockton Blvd,"{'lat': 38.5449065, 'lng': -121.7405167}"
5/11/2023,21:05,4200 V St,"{'lat': 38.5470274, 'lng': -121.739834}"
5/1/2023,7:46,448 La Rue Rd,"{'lat': 38.5333687, 'lng': -121.7549055}"
5/1/2023,9:24,165 Old Davis Rd,"{'lat': 38.5351101, 'lng': -121.7456694}"
5/1/2023,9:11,175 Peter J Shields Libraru,"{'lat': 38.5396565, 'lng': -121.749518}"
5/1/2023,20:01,Stockton Blvd/Y St,"{'lat': 38.5458175, 'lng': -121.7417936}"
3/19/2023,2:52,685 Kleiber Hall Dr,"{'lat': 38.5403963, 'lng': -121.7570713}"
3/19/2023,13:30,541 Oxford Cir,"{'lat': 38.5468298, 'lng': -121.7630578}"
3/19/2023,16:15,300 Peter J Shields Ave,"{'lat': 38.5396514, 'lng': -121.7506241}"
3/19/2023,16:42,155 Shields Ave,"{'lat': 38.54065569999999, 'lng': -121.7477849}"
3/19/2023,19:53,475 Mrak Hall Drive,"{'lat': 38.5347996, 'lng': -121.7485052}"
3/19/2023,23:14,301 Citron,"{'lat': 38.5426543, 'lng': -121.7764783}"
4/24/2023,5:01,CASE NUMBER PULLED IN ERROR,"{'lat': 38.5449065, 'lng': -121.7405167}"
4/24/2023,5:52,480 Sprocket Bikeway,"{'lat': 38.5420211, 'lng': -121.7545417}"
4/24/2023,7:25,180 E Arboretum Dr,"{'lat': 38.537576, 'lng': -121.7467343}"
4/24/2023,7:58,480 Sprocket Bikeway,"{'lat': 38.5420211, 'lng': -121.7545417}"
4/24/2023,13:58,254 Old Davis Rd,"{'lat': 38.533502, 'lng': -121.747953}"
4/24/2023,22:56,XXX Citron St,"{'lat': 38.54309, 'lng': -121.7762502}"
4/24/2023,5:01,48th/X St,"{'lat': 38.5470274, 'lng': -121.739834}"
4/24/2023,11:50,2315 Stockton Blvd,"{'lat': 38.5449065, 'lng': -121.7405167}"
4/24/2023,17:17,2825 50th St,"{'lat': 36.778261, 'lng': -119.4179324}"
4/24/2023,18:39,4251 X St,"{'lat': 36.778261, 'lng': -119.4179324}"
3/27/2023,0:02,400 Howard Way,"{'lat': 38.543907, 'lng': -121.7501631}"
3/27/2023,9:43,Orchard Rd/La Rue Rd,"{'lat': 38.541507, 'lng': -121.7606984}"
3/27/2023,11:49,120 A St,"{'lat': 38.5415981, 'lng': -121.7462623}"
3/27/2023,12:56,Unknown,"{'lat': 38.5449065, 'lng': -121.7405167}"
3/27/2023,15:16,650 La Rue Rd,"{'lat': 38.5338821, 'lng': -121.7580265}"
3/27/2023,13:46,4860 Y St,"{'lat': 38.5449065, 'lng': -121.7405167}"
5/10/2023,1:24,XXX La Rue Rd,"{'lat': 38.541507, 'lng': -121.7606984}"
5/10/2023,21:51,XXX Horizon St,"{'lat': 38.5412178, 'lng': -121.7787594}"
5/10/2023,23:58,XXX Oxford Cir,"{'lat': 38.5475944, 'lng': -121.7644693}"
5/10/2023,5:15,2315 Stockton Blvd,"{'lat': 38.5449065, 'lng': -121.7405167}"
3/18/2023,1:12,468 Dairy Rd,"{'lat': 38.5346158, 'lng': -121.7583762}"
3/18/2023,18:25,301 Citron,"{'lat': 38.5426543, 'lng': -121.7764783}"
3/18/2023,22:14,1739 Hutchison Dr,"{'lat': 38.5380704, 'lng': -121.7707002}"
3/18/2023,23:56,100 West Quad Bikeway,"{'lat': 38.5415155, 'lng': -121.75043}"
5/9/2023,10:12,205 California Ave,"{'lat': 38.5414334, 'lng': -121.7526776}"
5/9/2023,11:34,W Quad/Peter J. Shields Ave,"{'lat': 38.5415594, 'lng': -121.7504427}"
5/9/2023,11:50,298 Horizon,"{'lat': 38.5426658, 'lng': -121.7784855}"
5/9/2023,13:05,184 Orchard Park Dr,"{'lat': 38.5415467, 'lng': -121.7630416}"
5/9/2023,13:31,397 Hutchison Dr,"{'lat': 38.5393142, 'lng': -121.7518874}"
5/9/2023,6:24,2315 Stockton Blvd,"{'lat': 38.5449065, 'lng': -121.7405167}"
5/9/2023,10:00,3201 Data Dr,"{'lat': 38.5853959, 'lng': -121.2838263}"
5/9/2023,13:44,2315 Stockton Blvd,"{'lat': 38.5449065, 'lng': -121.7405167}"
5/9/2023,13:43,4251 X St,"{'lat': 36.778261, 'lng': -119.4179324}"
4/3/2023,7:18,298 Citron,"{'lat': 38.542993, 'lng': -121.776019}"
4/3/2023,9:51,622 Tercero Hall Dr,"{'lat': 38.537291, 'lng': -121.7573462}"
4/3/2023,10:06,376 Dairy Rd,"{'lat': 38.5354532, 'lng': -121.7583164}"
4/3/2023,10:47,301 Peter J Shields Ave,"{'lat': 38.5406234, 'lng': -121.7507298}"
4/3/2023,16:11,298 Citron,"{'lat': 38.542993, 'lng': -121.776019}"
4/3/2023,16:40,455 Crocker Ln,"{'lat': 38.5352675, 'lng': -121.7525855}"
4/3/2023,17:14,625 Kleiber Hall Dr,"{'lat': 38.5405893, 'lng': -121.7576917}"
4/13/2023,9:31,648 Tercero Hall Dr,"{'lat': 38.5368136, 'lng': -121.7577023}"
4/13/2023,10:04,625 Kleiber Hall Dr,"{'lat': 38.5405893, 'lng': -121.7576917}"
4/13/2023,13:42,Health Sciences Dr/Hutchison Dr,"{'lat': 38.5372148, 'lng': -121.7645192}"
4/13/2023,16:18,271 N Quad,"{'lat': 38.5432537, 'lng': -121.7504018}"
4/13/2023,19:47,648 Tercero Hall Dr,"{'lat': 38.5368136, 'lng': -121.7577023}"
4/13/2023,21:51,166 Orchard Park Dr,"{'lat': 38.5409689, 'lng': -121.7640039}"
4/13/2023,14:59,2315 Stockton Blvd,"{'lat': 38.5449065, 'lng': -121.7405167}"
